﻿<?xml version="1.0" encoding="utf-8" ?>
<perks>
    <perk>
      <name>Chambered Compensator</name>
      <id>3661387068</id>
      <desc>Stable barrel attachment.
        •  Increases stability
        •  Moderately controls recoil
        •  Slightly decreases handling speed</desc>
      <perkGroup>Barrel</perkGroup>
      <stability>10</stability>
      <range>0</range>
      <recoilDirection>10</recoilDirection>
      <handlingSpeed>-5</handlingSpeed>
    </perk>
    <perk>
      <name>Smallbore</name>
      <id>1482024992</id>
      <desc>Dual strength barrel.
        •  Increases range
        •  Increases stability</desc>
      <perkGroup>Barrel</perkGroup>
      <perkGroup>Shotgun Barrel</perkGroup>
      <stability>7</stability>
      <range>7</range>
      <recoilDirection>0</recoilDirection>
      <handlingSpeed>0</handlingSpeed>
    </perk>
    <perk>
      <name>Polygonal Rifling</name>
      <id>1392496348</id>
      <desc>Barrel optimized for recoil reduction.
        •  Increases stability</desc>
      <perkGroup>Barrel</perkGroup>
      <stability>10</stability>
      <range>0</range>
      <recoilDirection>0</recoilDirection>
      <handlingSpeed>0</handlingSpeed>
    </perk>
    <perk>
      <name>Fluted Barrel</name>
      <id>1840239774</id>
      <desc>Ultra-light barrel.
        •  Greatly increases handling speed
        •  Slightly increases stability</desc>
      <perkGroup>Barrel</perkGroup>
      <stability>5</stability>
      <range>0</range>
      <recoilDirection>0</recoilDirection>
      <handlingSpeed>15</handlingSpeed>
    </perk>
    <perk>
      <name>Corkscrew Rifling</name>
      <id>4090651448</id>
      <desc>Balanced barrel.
        •  Slightly increases range and stability
        •  Slightly increases handling speed</desc>
      <perkGroup>Barrel</perkGroup>
      <perkGroup>Shotgun Barrel</perkGroup>
      <stability>5</stability>
      <range>5</range>
      <recoilDirection>0</recoilDirection>
      <handlingSpeed>5</handlingSpeed>
    </perk>
    <perk>
      <name>Full Bore</name>
      <id>202670084</id>
      <desc>Barrel optimized for distance.
        •  Greatly increases range
        •  Decreases stability
        •  Slightly decreases handling speed</desc>
      <perkGroup>Barrel</perkGroup>
      <stability>-10</stability>
      <range>15</range>
      <recoilDirection>0</recoilDirection>
      <handlingSpeed>-5</handlingSpeed>
    </perk>
    <perk>
      <name>Arrowhead Brake</name>
      <id>839105230</id>
      <desc>Lightly vented barrel.
        •  Greatly controls recoil
        •  Increases handling speed</desc>
      <perkGroup>Barrel</perkGroup>
      <stability>0</stability>
      <range>0</range>
      <recoilDirection>30</recoilDirection>
      <handlingSpeed>-10</handlingSpeed>
    </perk>
    <perk>
      <name>Extended Barrel</name>
      <id>1467527085</id>
      <desc>Weighty barrel extension.
        •  Increases range
        •  Decreases handling speed
        •  Moderately controls recoil</desc>
      <perkGroup>Barrel</perkGroup>
      <stability>0</stability>
      <range>10</range>
      <recoilDirection>10</recoilDirection>
      <handlingSpeed>-10</handlingSpeed>
    </perk>
    <perk>
      <name>Hammer-Forged Rifling</name>
      <id>3250034553</id>
      <desc>Durable ranged barrel.
        •  Increases range</desc>
      <perkGroup>Barrel</perkGroup>
      <stability>0</stability>
      <range>10</range>
      <recoilDirection>0</recoilDirection>
      <handlingSpeed>0</handlingSpeed>
    </perk>
    <perk>
      <name>Full Choke</name>
      <id>1047830412</id>
      <desc>Tightened barrel. Reduces projectile spread when aiming down sights at the cost of precision damage.</desc>
      <perkGroup>Shotgun Barrel</perkGroup>
      <pelletSpread>Reduced</pelletSpread>
      <precisionDamage>Reduced</precisionDamage>
      <stability>0</stability>
      <range>0</range>
      <handlingSpeed>0</handlingSpeed>
    </perk>
    <perk>
      <name>Rifled Barrel</name>
      <id>1332244541</id>
      <desc>Ranged shotgun barrel.
        •  Increases range
        •  Greatly decreases handling speed</desc>
      <perkGroup>Shotgun Barrel</perkGroup>
      <pelletSpread>0</pelletSpread>
      <precisionDamage>0</precisionDamage>
      <stability>0</stability>
      <range>10</range>
      <handlingSpeed>-15</handlingSpeed>
    </perk>
    <perk>
      <name>Smoothbore</name>
      <id>466087222</id>
      <desc>Smooth shotgun barrel. Greatly increases range at the cost of more projectile spread.</desc>
      <perkGroup>Shotgun Barrel</perkGroup>
      <pelletSpread>Increase</pelletSpread>
      <precisionDamage>0</precisionDamage>
      <stability>0</stability>
      <range>15</range>
      <handlingSpeed>0</handlingSpeed>
    </perk>
    <perk>
      <name>Barrel Shroud</name>
      <id>1300023272</id>
      <desc>Balanced shotgun barrel.
        •  Increases stability
        •  Increases handling speed</desc>
      <perkGroup>Shotgun Barrel</perkGroup>
      <pelletSpread>0</pelletSpread>
      <precisionDamage>0</precisionDamage>
      <stability>10</stability>
      <range>0</range>
      <handlingSpeed>10</handlingSpeed>
    </perk>
    <perk>
      <name>Volatile Launch</name>
      <id>1478423395</id>
      <desc>This weapon is optimized for an especially explosive payload.
        •  Greatly increases blast radius
        •  Slightly decreases handling speed
        •  Slightly decreases projectile speed</desc>
      <perkGroup>Launcher Tube</perkGroup>
      <blastRadius>15</blastRadius>
      <projectileSpeed>-5</projectileSpeed>
      <stability>0</stability>
      <recoilDirection>0</recoilDirection>
      <handlingSpeed>-5</handlingSpeed>
    </perk>
    <perk>
      <name>Confined Launch</name>
      <id>1844523823</id>
      <desc>This weapon's launch parameters are particularly stable.
        •  Greatly increases stability
        •  Increases blast radius
        •  Decreases projectile speed</desc>
      <perkGroup>Launcher Tube</perkGroup>
      <blastRadius>10</blastRadius>
      <projectileSpeed>-10</projectileSpeed>
      <stability>15</stability>
      <recoilDirection>0</recoilDirection>
      <handlingSpeed>0</handlingSpeed>
    </perk>
    <perk>
      <name>Linear Compensator</name>
      <id>1441682018</id>
      <desc>This weapon's launch barrel is well-balanced.
        •  Slightly increases projectile speed
        •  Slightly increases blast radius
        •  Slightly increases stability</desc>
      <perkGroup>Launcher Tube</perkGroup>
      <blastRadius>5</blastRadius>
      <projectileSpeed>5</projectileSpeed>
      <stability>5</stability>
      <recoilDirection>0</recoilDirection>
      <handlingSpeed>0</handlingSpeed>
    </perk>
    <perk>
      <name>Hard Launch</name>
      <id>981914802</id>
      <desc>This weapon's launch barrel is optimized for projectile speed.
        •  Greatly increases projectile speed
        •  Decreases stability
        •  Slightly decreases blast radius</desc>
      <perkGroup>Launcher Tube</perkGroup>
      <blastRadius>-5</blastRadius>
      <projectileSpeed>15</projectileSpeed>
      <stability>-10</stability>
      <recoilDirection>0</recoilDirection>
      <handlingSpeed>0</handlingSpeed>
    </perk>
    <perk>
      <name>Quick Launch</name>
      <id>3525010810</id>
      <desc>This weapon's barrel provides faster projectiles and much faster aiming.
        •  Greatly increases handling speed
        •  Increases projectile speed</desc>
      <perkGroup>Launcher Tube</perkGroup>
      <blastRadius>0</blastRadius>
      <projectileSpeed>10</projectileSpeed>
      <stability>0</stability>
      <recoilDirection>0</recoilDirection>
      <handlingSpeed>15</handlingSpeed>
    </perk>
    <perk>
      <name>Smart Drift Control</name>
      <id>3798852852</id>
      <desc>This barrel is broadly optimized for firing control.
        •  Moderately controls recoil
        •  Increases stability
        •  Increases handling speed
        •  Slightly increases projectile speed</desc>
      <perkGroup>Launcher Tube</perkGroup>
      <blastRadius>0</blastRadius>
      <projectileSpeed>5</projectileSpeed>
      <stability>10</stability>
      <recoilDirection>15</recoilDirection>
      <handlingSpeed>10</handlingSpeed>
    </perk>
    <perk>
      <name>Countermass</name>
      <id>3809316345</id>
      <desc>This weapon is weighted for vertical recoil.
        •  Greatly controls recoil
        •  Increases stability
        •  Increases handling speed</desc>
      <perkGroup>Launcher Tube</perkGroup>
      <blastRadius>0</blastRadius>
      <projectileSpeed>0</projectileSpeed>
      <stability>10</stability>
      <recoilDirection>30</recoilDirection>
      <handlingSpeed>10</handlingSpeed>
    </perk>
    <perk>
      <name>Polymer String</name>
      <id>852209214</id>
      <desc>Unbreakable bowstring.
        •  Slightly increases accuracy
        •  Slightly faster draw time</desc>
      <perkGroup>Bow String</perkGroup>
      <accuracy>5</accuracy>
      <handlingSpeed>0</handlingSpeed>
      <stability>0</stability>
      <drawTime>5</drawTime>
    </perk>
    <perk>
      <name>Tactile String</name>
      <id>1196733167</id>
      <desc>Stable, high-friction bowstring.
        •  Slightly increases accuracy
        •  Increases stability</desc>
      <perkGroup>Bow String</perkGroup>
      <accuracy>5</accuracy>
      <handlingSpeed>0</handlingSpeed>
      <stability>10</stability>
      <drawTime>0</drawTime>
    </perk>
    <perk>
      <name>Natural String</name>
      <id>1784898267</id>
      <desc>Simple balanced string.
        •  Slightly increases accuracy
        •  Slightly increases handling speed
        •  Slightly increases stability</desc>
      <perkGroup>Bow String</perkGroup>
      <accuracy>5</accuracy>
      <handlingSpeed>5</handlingSpeed>
      <stability>5</stability>
      <drawTime>0</drawTime>
    </perk>
    <perk>
      <name>Elastic String</name>
      <id>2801223209</id>
      <desc>Excellent snapback.
        •  Decreases accuracy
        •  Faster draw time
        •  Slightly increases handling speed</desc>
      <perkGroup>Bow String</perkGroup>
      <accuracy>-10</accuracy>
      <handlingSpeed>5</handlingSpeed>
      <stability>0</stability>
      <drawTime>10</drawTime>
    </perk>
    <perk>
      <name>High Tension String</name>
      <id>3371775011</id>
      <desc>Tightly strung bow.
        •  Greatly increases accuracy
        •  Slightly slower draw time
        •  Slightly decreases stability</desc>
      <perkGroup>Bow String</perkGroup>
      <accuracy>10</accuracy>
      <handlingSpeed>0</handlingSpeed>
      <stability>-5</stability>
      <drawTime>-5</drawTime>
    </perk>
    <perk>
      <name>Agile Bowstring</name>
      <id>3768438372</id>
      <desc>Durable yet light bowstring.
        •  Greatly increases handling speed
        •  Slightly increases stability</desc>
      <perkGroup>Bow String</perkGroup>
      <accuracy>0</accuracy>
      <handlingSpeed>15</handlingSpeed>
      <stability>5</stability>
      <drawTime>0</drawTime>
    </perk>
    <perk>
      <name>Flexible String</name>
      <id>4067834857</id>
      <desc>Light and easy to draw.
        •  Slightly faster draw time
        •  Slightly decreases accuracy
        •  Increases handling speed</desc>
      <perkGroup>Bow String</perkGroup>
      <accuracy>-5</accuracy>
      <handlingSpeed>10</handlingSpeed>
      <stability>0</stability>
      <drawTime>5</drawTime>
    </perk>
    <perk>
      <name>Dusk Sight D1</name>
      <id>1288081798</id>
      <desc>Lightweight sight. Short zoom.
        •  Increases handling speed
        •  Slightly increases range</desc>
      <perkGroup>Tangled Shore Barrel</perkGroup>
      <zoom>0</zoom>
      <range>3</range>
      <handlingSpeed>8</handlingSpeed>
    </perk>
    <perk>
      <name>Wolf Sight W1</name>
      <id>1288081796</id>
      <desc>Lightweight sight. Short zoom.
        •  Increases handling speed
        •  Slightly increases range</desc>
      <perkGroup>Tangled Shore Barrel</perkGroup>
      <zoom>1</zoom>
      <range>2</range>
      <handlingSpeed>10</handlingSpeed>
    </perk>
    <perk>
      <name>King Sight K1</name>
      <id>1288081797</id>
      <desc>Agile sight. Short zoom.
        •  Greatly increases handling speed</desc>
      <perkGroup>Tangled Shore Barrel</perkGroup>
      <zoom>2</zoom>
      <range>0</range>
      <handlingSpeed>13</handlingSpeed>
    </perk>
    <perk>
      <name>King Dot K2</name>
      <id>1452368633</id>
      <desc>Superior scope. Short zoom.
        •  Increases range
        •  Slightly decreases handling speed</desc>
      <perkGroup>Tangled Shore Barrel</perkGroup>
      <zoom>2</zoom>
      <range>7</range>
      <handlingSpeed>-4</handlingSpeed>
    </perk>
    <perk>
      <name>Dusk Dot D1</name>
      <id>1452368634</id>
      <desc>Light flexible sight. Medium zoom.
        •  Increases range</desc>
      <perkGroup>Tangled Shore Barrel</perkGroup>
      <zoom>3</zoom>
      <range>7</range>
      <handlingSpeed>0</handlingSpeed>
    </perk>
    <perk>
      <name>Wolf Dot W2</name>
      <id>1452368632</id>
      <desc>Scrappy scope. Medium zoom.
        •  Decreases handling speed
        •  Increases range</desc>
      <perkGroup>Tangled Shore Barrel</perkGroup>
      <zoom>4</zoom>
      <range>9</range>
      <handlingSpeed>-10</handlingSpeed>
    </perk>
    <perk>
      <name>Devil Scope D2</name>
      <id>809345546</id>
      <desc>Vicious scope. Long zoom.
        •  Increases range
        •  Increases handling speed</desc>
      <perkGroup>Tangled Shore Barrel</perkGroup>
      <zoom>5</zoom>
      <range>10</range>
      <handlingSpeed>10</handlingSpeed>
    </perk>
    <perk>
      <name>Dusk Scope D2</name>
      <id>809345547</id>
      <desc>Far scope. Long zoom.
        •  Greatly increases range
        •  Slightly decreases handling speed</desc>
      <perkGroup>Tangled Shore Barrel</perkGroup>
      <zoom>6</zoom>
      <range>13</range>
      <handlingSpeed>-6</handlingSpeed>
    </perk>
      <perk>
        <name>GA Post</name>
        <id>87986589</id>
        <desc>Agile post sights. Short zoom.
          •  Greatly increases handling speed
          •  Slightly increases range</desc>
        <perkGroup>Hakke Barrel</perkGroup>
        <zoom>0</zoom>
        <range>2</range>
        <handlingSpeed>13</handlingSpeed>
        <other></other>
      </perk>
      <perk>
        <name>GB Iron</name>
        <id>87986588</id>
        <desc>Agile iron sights. Short zoom.
          •  Increases handling speed
          •  Slightly increases range</desc>
        <perkGroup>Hakke Barrel</perkGroup>
        <zoom>0</zoom>
        <range>5</range>
        <handlingSpeed>10</handlingSpeed>
        <other></other>
      </perk>
      <perk>
        <name>SD Thermal</name>
        <id>2054312701</id>
        <desc>Häkke thermal imaging scope. Medium-zoom. Highlights enemy targets.
          •  Increases range</desc>
        <perkGroup>Hakke Barrel</perkGroup>
        <zoom>3</zoom>
        <range>10</range>
        <handlingSpeed>0</handlingSpeed>
        <other>Highlights enemy targets</other>
      </perk>
      <perk>
        <name>SC Holo</name>
        <id>2054312700</id>
        <desc>Häkke holo sights. Medium zoom.
          •  Greatly increases range
          •  Slightly decreases handling speed</desc>
        <perkGroup>Hakke Barrel</perkGroup>
        <zoom>4</zoom>
        <range>13</range>
        <handlingSpeed>-5</handlingSpeed>
        <other></other>
      </perk>
      <perk>
        <name>LD Watchdog</name>
        <id>1313805251</id>
        <desc>Häkke threat evaluation tech. Long zoom. Highlights enemy targets.
          •  Increases range
          •  Slightly increases handling speed</desc>
        <perkGroup>Hakke Barrel</perkGroup>
        <zoom>5</zoom>
        <range>10</range>
        <handlingSpeed>4</handlingSpeed>
        <other>Highlights enemy targets</other>
      </perk>
      <perk>
        <name>LB Assault</name>
        <id>1313805250</id>
        <desc>Assault scope. Long zoom.
          •  Increases range
          •  Slightly decreases handling speed</desc>
        <perkGroup>Hakke Barrel</perkGroup>
        <zoom>5</zoom>
        <range>10</range>
        <handlingSpeed>-5</handlingSpeed>
        <other></other>
      </perk>
      <perk>
        <name>LC Ranged</name>
        <id>1313805249</id>
        <desc>Häkke marksman scope. Long zoom.
          •  Greatly increases range
          •  Decreases handling speed</desc>
        <perkGroup>Hakke Barrel</perkGroup>
        <zoom>6</zoom>
        <range>13</range>
        <handlingSpeed>-10</handlingSpeed>
        <other></other>
      </perk>
    <perk>
      <name>Candle PS</name>
      <id>1409978309</id>
      <desc>Omolon post sight. Short zoom.
        •  Greatly increases handling speed
        •  Slightly increases range</desc>
      <perkGroup>Omolon Sight</perkGroup>
      <zoom>0</zoom>
      <range>3</range>
      <handlingSpeed>13</handlingSpeed>
    </perk>
    <perk>
      <name>Spark PS</name>
      <id>1409978308</id>
      <desc>Omolon post sight. Short zoom.
        •  Slightly increases range
        •  Increases handling speed</desc>
      <perkGroup>Omolon Sight</perkGroup>
      <zoom>0</zoom>
      <range>6</range>
      <handlingSpeed>9</handlingSpeed>
    </perk>
    <perk>
      <name>Jolt PS</name>
      <id>1409978311</id>
      <desc>Omolon Post sights. Short zoom.
        •  Increases range
        •  Slightly increases handling speed</desc>
      <perkGroup>Omolon Sight</perkGroup>
      <zoom>0</zoom>
      <range>9</range>
      <handlingSpeed>6</handlingSpeed>
    </perk>
    <perk>
      <name>Torch HS3</name>
      <id>1628165636</id>
      <desc>Omolon red-dot. Medium zoom.
        •  Greatly increases range
        •  Slightly decreases handling speed</desc>
      <perkGroup>Omolon Sight</perkGroup>
      <zoom>3</zoom>
      <range>13</range>
      <handlingSpeed>-5</handlingSpeed>
    </perk>
    <perk>
      <name>Flash HS5</name>
      <id>1628165637</id>
      <desc>Omolon red-dot. Medium zoom. Highlights enemy targets.
        •  Increases range
        •  Slightly increases handling speed</desc>
      <perkGroup>Omolon Sight</perkGroup>
      <zoom>4</zoom>
      <range>10</range>
      <handlingSpeed>3</handlingSpeed>
    </perk>
    <perk>
      <name>Signal MS5</name>
      <id>194952923</id>
      <desc>Omolon ocular technology. Long zoom. Highlights enemy targets.
        •  Increases range
        •  Slightly decreases handling speed</desc>
      <perkGroup>Omolon Sight</perkGroup>
      <zoom>5</zoom>
      <range>10</range>
      <handlingSpeed>-3</handlingSpeed>
    </perk>
    <perk>
      <name>Impulse MS3</name>
      <id>194952922</id>
      <desc>Omolon ocular technology. Long zoom.
        •  Increases range
        •  Decreases handling speed</desc>
      <perkGroup>Omolon Sight</perkGroup>
      <zoom>6</zoom>
      <range>12</range>
      <handlingSpeed>-10</handlingSpeed>
    </perk>
    <perk>
      <name>Transmission MS7</name>
      <id>194952921</id>
      <desc>Omolon ocular technology. Long zoom.
        •  Increases range
        •  Slightly decreases handling speed</desc>
      <perkGroup>Omolon Sight</perkGroup>
      <zoom>5</zoom>
      <range>10</range>
      <handlingSpeed>-5</handlingSpeed>
    </perk>
    <perk>
      <name>HitMark IS</name>
      <id>13792278</id>
      <desc>Agile sight. Short zoom.
        •  Greatly increases handling speed
        •  Slightly increases range</desc>
      <perkGroup>Nadir Sight</perkGroup>
      <zoom>0</zoom>
      <range>2</range>
      <handlingSpeed>15</handlingSpeed>
    </perk>
    <perk>
      <name>CleanShot IS</name>
      <id>13792279</id>
      <desc>Snapshot sight. Short zoom.
        •  Increases handling speed
        •  Slightly increases range</desc>
      <perkGroup>Nadir Sight</perkGroup>
      <zoom>1</zoom>
      <range>5</range>
      <handlingSpeed>10</handlingSpeed>
    </perk>
    <perk>
      <name>Red Dot 2 MOA</name>
      <id>2405638015</id>
      <desc>Snapshot sight. Short zoom.
        •  Slightly increases range
        •  Increases handling speed</desc>
      <perkGroup>Nadir Sight</perkGroup>
      <zoom>2</zoom>
      <range>6</range>
      <handlingSpeed>10</handlingSpeed>
    </perk>
    <perk>
      <name>Red Dot Micro</name>
      <id>2405638014</id>
      <desc>Agile sight. Short zoom.
        •  Increases range
        •  Increases handling speed</desc>
      <perkGroup>Nadir Sight</perkGroup>
      <zoom>2</zoom>
      <range>9</range>
      <handlingSpeed>7</handlingSpeed>
    </perk>
    <perk>
      <name>Rifle Scope SSF</name>
      <id>679077872</id>
      <desc>Focused scope. Long zoom.
        •  Slightly increases range
        •  Slightly decreases handling speed</desc>
      <perkGroup>Nadir Sight</perkGroup>
      <zoom>5</zoom>
      <range>6</range>
      <handlingSpeed>-3</handlingSpeed>
    </perk>
    <perk>
      <name>Rifle Scope ST</name>
      <id>679077873</id>
      <desc>Ranged scope. Long zoom.
        •  Increases range
        •  Decreases handling speed</desc>
      <perkGroup>Nadir Sight</perkGroup>
      <zoom>6</zoom>
      <range>12</range>
      <handlingSpeed>-11</handlingSpeed>
    </perk>
    <perk>
      <name>IS 2 Classic</name>
      <id>2209280307</id>
      <desc>Rugged and simple iron sights. Short zoom.
        •  Increases handling speed
        •  Slightly increases range</desc>
      <perkGroup>EDZ Sight</perkGroup>
      <zoom>0</zoom>
      <range>5</range>
      <handlingSpeed>10</handlingSpeed>
    </perk>
    <perk>
      <name>IS 5 Circle</name>
      <id>2209280306</id>
      <desc>Circular iron sights. Short zoom.
        •  Greatly increases handling speed</desc>
      <perkGroup>EDZ Sight</perkGroup>
      <zoom>0</zoom>
      <range>0</range>
      <handlingSpeed>15</handlingSpeed>
    </perk>
    <perk>
      <name>Model 6 Loop</name>
      <id>663495155</id>
      <desc>Red-dot. Medium zoom.
        •  Increases range
        •  Increases handling speed</desc>
      <perkGroup>EDZ Sight</perkGroup>
      <zoom>3</zoom>
      <range>9</range>
      <handlingSpeed>8</handlingSpeed>
    </perk>
    <perk>
      <name>Model 8 Red</name>
      <id>663495154</id>
      <desc>Red-dot. Medium zoom.
        •  Greatly increases range</desc>
      <perkGroup>EDZ Sight</perkGroup>
      <zoom>4</zoom>
      <range>13</range>
      <handlingSpeed>0</handlingSpeed>
    </perk>
    <perk>
      <name>SLO-21 Post</name>
      <id>965619220</id>
      <desc>SUROS projection sight. Short zoom.
        •  Increases handling speed
        •  Slightly increases range</desc>
      <perkGroup>SUROS Sight</perkGroup>
      <zoom>0</zoom>
      <range>3</range>
      <handlingSpeed>12</handlingSpeed>
    </perk>
    <perk>
      <name>SLO-12 Post</name>
      <id>965619221</id>
      <desc>SUROS projection sight. Short zoom.
        •  Greatly increases handling speed</desc>
      <perkGroup>SUROS Sight</perkGroup>
      <zoom>0</zoom>
      <range>0</range>
      <handlingSpeed>15</handlingSpeed>
    </perk>
    <perk>
      <name>SLO-10 Post</name>
      <id>965619223</id>
      <desc>SUROS projection sight. Short zoom.
        •  Increases handling speed
        •  Slightly increases range</desc>
      <perkGroup>SUROS Sight</perkGroup>
      <zoom>0</zoom>
      <range>5</range>
      <handlingSpeed>10</handlingSpeed>
    </perk>
    <perk>
      <name>SPO-26 Front</name>
      <id>3151536503</id>
      <desc>SUROS lightweight red-dot sight. Short zoom.
        •  Increases handling speed
        •  Increases range</desc>
      <perkGroup>SUROS Sight</perkGroup>
      <zoom>2</zoom>
      <range>7</range>
      <handlingSpeed>10</handlingSpeed>
    </perk>
    <perk>
      <name>SPO-28 Front</name>
      <id>3151536500</id>
      <desc>SUROS holo sights. Medium zoom.
        •  Increases range
        •  Slightly increases handling speed</desc>
      <perkGroup>SUROS Sight</perkGroup>
      <zoom>3</zoom>
      <range>11</range>
      <handlingSpeed>5</handlingSpeed>
    </perk>
    <perk>
      <name>SPO-57 Front</name>
      <id>3151536501</id>
      <desc>SUROS threat evaluation. Medium zoom. Highlights enemy targets.
        •  Greatly increases range
        •  Slightly decreases handling speed</desc>
      <perkGroup>SUROS Sight</perkGroup>
      <zoom>4</zoom>
      <range>15</range>
      <handlingSpeed>-5</handlingSpeed>
    </perk>
    <perk>
      <name>SRO-41 Ocular</name>
      <id>360593482</id>
      <desc>SUROS threat evaluation. Long zoom. Highlights enemy targets.
        •  Increases range</desc>
      <perkGroup>SUROS Sight</perkGroup>
      <zoom>5</zoom>
      <range>8</range>
      <handlingSpeed>0</handlingSpeed>
    </perk>
    <perk>
      <name>SRO-37 Ocular</name>
      <id>360593483</id>
      <desc>SUROS ranged combat scope. Long zoom.
        •  Increases range
        •  Slightly decreases handling speed</desc>
      <perkGroup>SUROS Sight</perkGroup>
      <zoom>5</zoom>
      <range>10</range>
      <handlingSpeed>-3</handlingSpeed>
    </perk>
    <perk>
      <name>SRO-52 Ocular</name>
      <id>360593481</id>
      <desc>SUROS ranged combat scope. Long zoom.
        •  Greatly increases range
        •  Decreases handling speed</desc>
      <perkGroup>SUROS Sight</perkGroup>
      <zoom>6</zoom>
      <range>13</range>
      <handlingSpeed>-7</handlingSpeed>
    </perk>
    <perk>
      <name>Rasmussen ISA</name>
      <id>1096957638</id>
      <desc>Agile sight. Short zoom.
        •  Greatly increases handling speed
        •  Slightly increases range</desc>
      <perkGroup>Black Armory Barrel</perkGroup>
      <zoom>0</zoom>
      <range>2</range>
      <handlingSpeed>13</handlingSpeed>
    </perk>
    <perk>
      <name>Meyrin RDS</name>
      <id>3433396026</id>
      <desc>Lightweight sight. Short zoom.
        •  Increases handling speed
        •  Increases range</desc>
      <perkGroup>Black Armory Barrel</perkGroup>
      <zoom>2</zoom>
      <range>7</range>
      <handlingSpeed>10</handlingSpeed>
    </perk>
    <perk>
      <name>Meyrin RDL</name>
      <id>3433396027</id>
      <desc>Superior scope. Medium zoom. Highlights enemy targets.
        •  Increases range</desc>
      <perkGroup>Black Armory Barrel</perkGroup>
      <zoom>4</zoom>
      <range>9</range>
      <handlingSpeed>0</handlingSpeed>
    </perk>
    <perk>
      <name>Satou Focus Lens</name>
      <id>2414725840</id>
      <desc>Far scope. Long zoom. Highlights enemy targets.
        •  Increases range
        •  Slightly increases handling speed</desc>
      <perkGroup>Black Armory Barrel</perkGroup>
      <zoom>5</zoom>
      <range>10</range>
      <handlingSpeed>4</handlingSpeed>
    </perk>
    <perk>
      <name>Satou Precision Lens</name>
      <id>2414725841</id>
      <desc>Precision scope. Long zoom.
        •  Greatly increases range
        •  Decreases handling speed</desc>
      <perkGroup>Black Armory Barrel</perkGroup>
      <zoom>6</zoom>
      <range>13</range>
      <handlingSpeed>-7</handlingSpeed>
    </perk>
    <perk>
      <name>SteadyHand HCS</name>
      <id>1926090095</id>
      <desc>Stable Hand Cannon sight.
        •  Increases stability
        •  Increases handling speed</desc>
      <perkGroup>Hand Cannon Sight (HCS)</perkGroup>
      <stability>10</stability>
      <range>0</range>
      <handlingSpeed>10</handlingSpeed>
    </perk>
    <perk>
      <name>FastDraw HCS</name>
      <id>1926090094</id>
      <desc>Agile Hand Cannon sight.
        •  Greatly increases handling speed
        •  Slightly increases stability</desc>
      <perkGroup>Hand Cannon Sight (HCS)</perkGroup>
      <stability>5</stability>
      <range>0</range>
      <handlingSpeed>15</handlingSpeed>
    </perk>
    <perk>
      <name>TrueSight HCS</name>
      <id>1926090092</id>
      <desc>Balanced Hand Cannon sight.
        •  Slightly increases range
        •  Slightly increases stability
        •  Slightly increases handling speed</desc>
      <perkGroup>Hand Cannon Sight (HCS)</perkGroup>
      <stability>3</stability>
      <range>3</range>
      <handlingSpeed>3</handlingSpeed>
    </perk>
    <perk>
      <name>CrossFire HCS</name>
      <id>1926090090</id>
      <desc>Sharp Hand Cannon sight.
        •  Increases range
        •  Slightly decreases stability
        •  Slightly decreases handling speed</desc>
      <perkGroup>Hand Cannon Sight (HCS)</perkGroup>
      <stability>-5</stability>
      <range>7</range>
      <handlingSpeed>-5</handlingSpeed>
    </perk>
    <perk>
      <name>SureShot HCS</name>
      <id>1926090091</id>
      <desc>Pinpoint Hand Cannon sight.
        •  Increases range
        •  Decreases stability
        •  Decreases handling speed</desc>
      <perkGroup>Hand Cannon Sight (HCS)</perkGroup>
      <stability>-10</stability>
      <range>10</range>
      <handlingSpeed>-10</handlingSpeed>
    </perk>
    <perk>
      <name>HitMark HCS</name>
      <id>1926090093</id>
      <desc>Accurate Hand Cannon sight.
        •  Slightly increases range</desc>
      <perkGroup>Hand Cannon Sight (HCS)</perkGroup>
      <stability>0</stability>
      <range>5</range>
      <handlingSpeed>0</handlingSpeed>
    </perk>
    <perk>
      <name>Control SAS</name>
      <id>445755706</id>
      <desc>Stable Sidearm sight.
        •  Increases handling speed
        •  Increases stability</desc>
      <perkGroup>Sidearm Sight (SAS)</perkGroup>
      <stability>10</stability>
      <range>0</range>
      <handlingSpeed>10</handlingSpeed>
    </perk>
    <perk>
      <name>QuickDot SAS</name>
      <id>445755707</id>
      <desc>Agile Sidearm sight.
        •  Greatly increases handling speed
        •  Slightly increases stability</desc>
      <perkGroup>Sidearm Sight (SAS)</perkGroup>
      <stability>5</stability>
      <range>0</range>
      <handlingSpeed>15</handlingSpeed>
    </perk>
    <perk>
      <name>ShortSpec SAS</name>
      <id>445755705</id>
      <desc>Balanced Sidearm sight.
        •  Slightly increases stability
        •  Slightly increases handling speed
        •  Slightly increases range</desc>
      <perkGroup>Sidearm Sight (SAS)</perkGroup>
      <stability>3</stability>
      <range>3</range>
      <handlingSpeed>3</handlingSpeed>
    </perk>
    <perk>
      <name>Target SAS</name>
      <id>445755711</id>
      <desc>Sharp Sidearm sight.
        •  Increases range
        •  Slightly decreases stability
        •  Slightly decreases handling speed</desc>
      <perkGroup>Sidearm Sight (SAS)</perkGroup>
      <stability>-5</stability>
      <range>8</range>
      <handlingSpeed>-5</handlingSpeed>
    </perk>
    <perk>
      <name>FarPoint SAS</name>
      <id>445755710</id>
      <desc>Pinpoint Sidearm sight.
        •  Greatly increases range
        •  Decreases stability
        •  Decreases handling speed</desc>
      <perkGroup>Sidearm Sight (SAS)</perkGroup>
      <stability>-10</stability>
      <range>13</range>
      <handlingSpeed>-10</handlingSpeed>
    </perk>
    <perk>
      <name>Tactic SAS</name>
      <id>445755704</id>
      <desc>Accurate Sidearm sight.
        •  Slightly increases range</desc>
      <perkGroup>Sidearm Sight (SAS)</perkGroup>
      <stability>0</stability>
      <range>5</range>
      <handlingSpeed>0</handlingSpeed>
    </perk>
    <perk>
      <name>ATC Rex</name>
      <id>893526893</id>
      <desc>Combat sniper scope. Short zoom.
        •  Greatly increases handling speed
        •  Slightly decreases range</desc>
      <perkGroup>Scope</perkGroup>
      <foundry>Hakke</foundry>
      <zoom>10</zoom>
      <range>-5</range>
      <handlingSpeed>15</handlingSpeed>
    </perk>
    <perk>
      <name>SSO-08 Sniper</name>
      <id>1617987572</id>
      <desc>Lightweight scope. Short zoom.
        •  Greatly increases handling speed
        •  Slightly increases range</desc>
      <perkGroup>Scope</perkGroup>
      <foundry>SUROS</foundry>
      <zoom>10</zoom>
      <range>5</range>
      <handlingSpeed>13</handlingSpeed>
    </perk>
    <perk>
      <name>Zoom 10 Point</name>
      <id>554078785</id>
      <desc>Balanced scope. Short zoom.
        •  Increases handling speed
        •  Slightly increases range</desc>
      <perkGroup>Scope</perkGroup>
      <foundry>EDZ</foundry>
      <zoom>10</zoom>
      <range>5</range>
      <handlingSpeed>10</handlingSpeed>
    </perk>
    <perk>
      <name>ATA Scout</name>
      <id>893526892</id>
      <desc>Light sniper scope. Short zoom.
        •  Slightly increases range
        •  Greatly increases handling speed</desc>
      <perkGroup>Scope</perkGroup>
      <foundry>Hakke</foundry>
      <zoom>11</zoom>
      <range>5</range>
      <handlingSpeed>13</handlingSpeed>
    </perk>
    <perk>
      <name>SSO-07 Sniper</name>
      <id>1617987575</id>
      <desc>Suros scope technology. Medium zoom.
        •  Increases range</desc>
      <perkGroup>Scope</perkGroup>
      <foundry>SUROS</foundry>
      <zoom>12</zoom>
      <range>10</range>
      <handlingSpeed>0</handlingSpeed>
    </perk>
    <perk>
      <name>ATD Raptor</name>
      <id>893526895</id>
      <desc>Standard sniper scope. Medium zoom. Highlights enemy targets.
        •  Increases range
        •  Slightly increases handling speed</desc>
      <perkGroup>Scope</perkGroup>
      <foundry>Hakke</foundry>
      <zoom>12</zoom>
      <range>9</range>
      <handlingSpeed>5</handlingSpeed>
    </perk>
    <perk>
      <name>SSO-05 Sniper</name>
      <id>1617987574</id>
      <desc>Suros imaging technology. Long zoom. Highlights enemy targets.
        •  Greatly increases range
        •  Decreases handling speed</desc>
      <perkGroup>Scope</perkGroup>
      <foundry>SUROS</foundry>
      <zoom>15</zoom>
      <range>15</range>
      <handlingSpeed>-8</handlingSpeed>
    </perk>
    <perk>
      <name>ATB Long Range</name>
      <id>893526894</id>
      <desc>Long-distance Häkke scope. Long zoom.
        •  Greatly increases range
        •  Decreases handling speed</desc>
      <perkGroup>Scope</perkGroup>
      <foundry>Hakke</foundry>
      <zoom>16</zoom>
      <range>15</range>
      <handlingSpeed>-10</handlingSpeed>
    </perk>
    <perk>
      <name>Zoom 30 Focus</name>
      <id>554078784</id>
      <desc>Powerful scope. Long zoom.
        •  Greatly increases range
        •  Decreases handling speed</desc>
      <perkGroup>Scope</perkGroup>
      <foundry>EDZ</foundry>
      <zoom>30</zoom>
      <range>15</range>
      <handlingSpeed>10</handlingSpeed>
    </perk>
    <perk>
      <name>Tempered Edge</name>
      <id>938542991</id>
      <desc>Increased sword damage and ammo.</desc>
      <perkGroup>Edge</perkGroup>
      <damage>3</damage>
      <ammo>10</ammo>
      <magazine>10</magazine>
    </perk>
    <perk>
      <name>Honed Edge</name>
      <id>2827049491</id>
      <desc>Increased sword damage.</desc>
      <perkGroup>Edge</perkGroup>
      <damage>5</damage>
      <ammo>0</ammo>
      <magazine>0</magazine>
    </perk>
    <perk>
      <name>Jagged Edge</name>
      <id>3666208348</id>
      <desc>Increased damage at the cost of sword ammo.</desc>
      <perkGroup>Edge</perkGroup>
      <damage>10</damage>
      <ammo>-20</ammo>
      <magazine>-20</magazine>
    </perk>
    <perk>
      <name>Enduring Blade</name>
      <id>1261178282</id>
      <desc>Greatly increased sword ammo at the cost of damage.</desc>
      <perkGroup>Edge</perkGroup>
      <damage>-5</damage>
      <ammo>35</ammo>
      <magazine>35</magazine>
    </perk>
    <perk>
      <name>Hungry Edge</name>
      <id>436053704</id>
      <desc>Increased sword ammo.</desc>
      <perkGroup>Edge</perkGroup>
      <damage>0</damage>
      <ammo>20</ammo>
      <magazine>20</magazine>
    </perk>
</perks>