﻿<?xml version="1.0" encoding="utf-8" ?>
<perks>
    <perk>
      <name>Compact Arrow Shaft</name>
      <id>16392701</id>
      <desc>Thinner arrows to maximize quiver size.
        •  Increases capacity</desc>
      <perkGroup>Bow Arrow</perkGroup>
      <accuracy>0</accuracy>
      <stability>0</stability>
      <inventory>20</inventory>
    </perk>
    <perk>
      <name>Carbon Arrow Shaft</name>
      <id>2154191829</id>
      <desc>Light and stable shaft material.
        •  Increases stability</desc>
      <perkGroup>Bow Arrow</perkGroup>
      <accuracy>0</accuracy>
      <stability>10</stability>
      <inventory>0</inventory>
    </perk>
    <perk>
      <name>Fiberglass Arrow Shaft</name>
      <id>3429800428</id>
      <desc>Heavy and consistent.
        •  Greatly increases accuracy
        •  Slightly decreases stability</desc>
      <perkGroup>Bow Arrow</perkGroup>
      <accuracy>15</accuracy>
      <stability>-5</stability>
      <inventory>0</inventory>
    </perk>
    <perk>
      <name>Natural Fletching</name>
      <id>1500996326</id>
      <desc>Feather-light with good control.
        •  Slightly decreases accuracy
        •  Greatly increases stability</desc>
      <perkGroup>Bow Arrow</perkGroup>
      <accuracy>-5</accuracy>
      <stability>15</stability>
      <inventory>0</inventory>
    </perk>
    <perk>
      <name>Anti-Take Fletching</name>
      <id>1992361643</id>
      <desc>Specialized to fight Taken targets.
        •  Increases accuracy</desc>
      <perkGroup>Bow Arrow</perkGroup>
      <accuracy>10</accuracy>
      <stability>0</stability>
      <inventory>0</inventory>
    </perk>
    <perk>
      <name>Helical Fletching</name>
      <id>3311977193</id>
      <desc>Aerodynamic and light.
        •  Slightly increases accuracy
        •  Slightly increases stability</desc>
      <perkGroup>Bow Arrow</perkGroup>
      <accuracy>5</accuracy>
      <stability>5</stability>
      <inventory>0</inventory>
    </perk>
    <perk>
      <name>Straight Fletching</name>
      <id>3827198035</id>
      <desc>Modern fletching for straight paths.
        •  Increases accuracy</desc>
      <perkGroup>Bow Arrow</perkGroup>
      <accuracy>10</accuracy>
      <stability>0</stability>
      <inventory>0</inventory>
    </perk>
    <perk>
      <name>Accelerated Coils</name>
      <id>689005463</id>
      <desc>Speeds up charge.
        •  Faster charge time
        •  Decreases impact damage</desc>
      <perkGroup>Fusion Rifle Magazine</perkGroup>
      <chargeTime>10</chargeTime>
      <impact>-10</impact>
      <stability>0</stability>
      <range>0</range>
      <reloadSpeed>0</reloadSpeed>
      <magazineSize>0</magazineSize>
    </perk>
    <perk>
      <name>Liquid Coils</name>
      <id>1687452232</id>
      <desc>Slower-building charge for higher damage.
        •  Increases impact damage
        •  Slower charge time</desc>
      <perkGroup>Fusion Rifle Magazine</perkGroup>
      <chargeTime>-10</chargeTime>
      <impact>10</impact>
      <stability>0</stability>
      <range>0</range>
      <reloadSpeed>0</reloadSpeed>
      <magazineSize>0</magazineSize>
    </perk>
    <perk>
      <name>Enhanced Battery</name>
      <id>2680121939</id>
      <desc>Strong battery life.
        •  Increases magazine size</desc>
      <perkGroup>Fusion Rifle Magazine</perkGroup>
      <chargeTime>0</chargeTime>
      <impact>0</impact>
      <stability>0</stability>
      <range>0</range>
      <reloadSpeed>0</reloadSpeed>
      <magazineSize>20</magazineSize>
    </perk>
    <perk>
      <name>Ionized Battery</name>
      <id>1483536627</id>
      <desc>Large heavy battery.
        •  Greatly increases magazine size
        •  Greatly decreases reload speed</desc>
      <perkGroup>Fusion Rifle Magazine</perkGroup>
      <chargeTime>0</chargeTime>
      <impact>0</impact>
      <stability>0</stability>
      <range>0</range>
      <reloadSpeed>-20</reloadSpeed>
      <magazineSize>40</magazineSize>
    </perk>
    <perk>
      <name>Particle Repeater</name>
      <id>3868766766</id>
      <desc>Constrains recoil for every bolt.
        •  Increases stability</desc>
      <perkGroup>Fusion Rifle Magazine</perkGroup>
      <chargeTime>0</chargeTime>
      <impact>0</impact>
      <stability>10</stability>
      <range>0</range>
      <reloadSpeed>0</reloadSpeed>
      <magazineSize>0</magazineSize>
    </perk>
    <perk>
      <name>Projection Fuse</name>
      <id>2969185026</id>
      <desc>Distance optimizations.
        •  Increases range</desc>
      <perkGroup>Fusion Rifle Magazine</perkGroup>
      <chargeTime>0</chargeTime>
      <impact>0</impact>
      <stability>0</stability>
      <range>10</range>
      <reloadSpeed>0</reloadSpeed>
      <magazineSize>0</magazineSize>
    </perk>
    <perk>
      <name>Accurized Rounds</name>
      <id>3142289711</id>
      <desc>This weapon can fire longer distances.
        •  Increases range</desc>
      <perkGroup>Magazine</perkGroup>
      <stability>0</stability>
      <range>10</range>
      <reloadSpeed>0</reloadSpeed>
      <magazineSize>0</magazineSize>
      <other></other>
    </perk>
    <perk>
      <name>Ricochet Rounds</name>
      <id>1885400500</id>
      <desc>Rounds ricochet off hard surfaces.
        •  Increases stability
        •  Slightly increases range</desc>
      <perkGroup>Magazine</perkGroup>
      <stability>10</stability>
      <range>5</range>
      <reloadSpeed>0</reloadSpeed>
      <magazineSize>0</magazineSize>
      <other>Rounds bounce off of hard surfaces</other>
    </perk>
    <perk>
      <name>Light Mag</name>
      <id>679225683</id>
      <desc>Improved reload and range.
        •  Increases reload speed
        •  Slightly increases range</desc>
      <perkGroup>Magazine</perkGroup>
      <stability>0</stability>
      <range>5</range>
      <reloadSpeed>10</reloadSpeed>
      <magazineSize>0</magazineSize>
      <other></other>
    </perk>
    <perk>
      <name>Armor-Piercing Rounds</name>
      <id>1968497646</id>
      <desc>Rounds cause extra damage to combatants' shields and overpenetrate targets.
        •  Slightly increases range</desc>
      <perkGroup>Magazine</perkGroup>
      <stability>0</stability>
      <range>5</range>
      <reloadSpeed>0</reloadSpeed>
      <magazineSize>0</magazineSize>
      <other>Rounds overpenetrate targets, deal more damage to shields in PvE</other>
    </perk>
    <perk>
      <name>High-Caliber Rounds</name>
      <id>1561002382</id>
      <desc>Shots from this weapon knock the target back farther.
        •  Slightly increases range</desc>
      <perkGroup>Magazine</perkGroup>
      <stability>0</stability>
      <range>5</range>
      <reloadSpeed>0</reloadSpeed>
      <magazineSize>0</magazineSize>
      <other>Rounds cause more flinch</other>
    </perk>
    <perk>
      <name>Flared Magwell</name>
      <id>3230963543</id>
      <desc>Optimized for fast reloading.
        •  Slightly increases stability
        •  Greatly increases reload speed</desc>
      <perkGroup>Magazine</perkGroup>
      <stability>5</stability>
      <range>0</range>
      <reloadSpeed>15</reloadSpeed>
      <magazineSize>0</magazineSize>
      <other></other>
    </perk>
    <perk>
      <name>Tactical Mag</name>
      <id>106909392</id>
      <desc>This weapon has multiple tactical improvements.
        •  Slightly increases stability
        •  Increases reload speed
        •  Slightly increases magazine size</desc>
      <perkGroup>Magazine</perkGroup>
      <stability>5</stability>
      <range>0</range>
      <reloadSpeed>10</reloadSpeed>
      <magazineSize>10</magazineSize>
      <other></other>
    </perk>
    <perk>
      <name>Steady Rounds</name>
      <id>3177308360</id>
      <desc>This magazine is optimized for recoil control.
        •  Greatly increases stability
        •  Slightly decreases range</desc>
      <perkGroup>Magazine</perkGroup>
      <stability>15</stability>
      <range>-5</range>
      <reloadSpeed>0</reloadSpeed>
      <magazineSize>0</magazineSize>
      <other></other>
    </perk>
    <perk>
      <name>Extended Mag</name>
      <id>2420895100</id>
      <desc>This weapon has a greatly increased magazine size, but reloads much slower.
        •  Greatly increases magazine size
        •  Greatly decreases reload speed</desc>
      <perkGroup>Magazine</perkGroup>
      <stability>0</stability>
      <range>0</range>
      <reloadSpeed>-20</reloadSpeed>
      <magazineSize>30</magazineSize>
      <other></other>
    </perk>
    <perk>
      <name>Appended Mag</name>
      <id>1087426260</id>
      <desc>This weapon's magazine is built for higher capacity.
        •  Increases magazine size</desc>
      <perkGroup>Magazine</perkGroup>
      <stability>0</stability>
      <range>0</range>
      <reloadSpeed>0</reloadSpeed>
      <magazineSize>20</magazineSize>
      <other></other>
    </perk>
    <perk>
      <name>Drop Mag</name>
      <id>4134353779</id>
      <desc>Magazine drops on reload, wasting ammunition but greatly increasing reload speed.</desc>
      <perkGroup>Magazine</perkGroup>
      <stability>0</stability>
      <range>0</range>
      <reloadSpeed>30</reloadSpeed>
      <magazineSize>0</magazineSize>
      <other>Any ammo left in mag is wasted on reload</other>
    </perk>
    <perk>
      <name>Alloy Mag</name>
      <id>1431678320</id>
      <desc>Faster reloads when the magazine is empty.</desc>
      <perkGroup>Magazine</perkGroup>
      <stability>0</stability>
      <range>0</range>
      <reloadSpeed>30</reloadSpeed>
      <magazineSize>0</magazineSize>
      <other>Faster reload when magazine is empty</other>
    </perk>
    <perk>
      <name>Assault Mag</name>
      <id>791862061</id>
      <desc>This shotgun's magazine is optimized for quick combat.
        •  Greatly increases stability
        •  Increases rate of fire</desc>
      <perkGroup>Magazine</perkGroup>
      <rof>10</rof>
      <stability>15</stability>
      <other>Shotguns only</other>
    </perk>
    <perk>
      <name>Remote Detonation</name>
      <id>3999527219</id>
      <desc>Fires a slower grenade projectile that bounces and detonates on trigger release.
        •  Increases blast radius
        •  Decreases magazine size</desc>
      <perkGroup>Grenade Launcher Magazine</perkGroup>
      <blastRadius>20</blastRadius>
      <projectileSpeed>0</projectileSpeed>
      <stability>0</stability>
      <reloadSpeed>0</reloadSpeed>
      <magazineSize>-10</magazineSize>
      <other>Detonates on trigger pull</other>
    </perk>
    <perk>
      <name>Proximity Grenades</name>
      <id>409831596</id>
      <desc>Grenades fired from this weapon have increased proximity detection but a decreased blast radius.</desc>
      <perkGroup>Grenade Launcher Magazine</perkGroup>
      <blastRadius>-20</blastRadius>
      <projectileSpeed>0</projectileSpeed>
      <stability>0</stability>
      <reloadSpeed>0</reloadSpeed>
      <magazineSize>0</magazineSize>
      <other>Proximity detonation</other>
    </perk>
    <perk>
      <name>Spike Grenades</name>
      <id>3301904089</id>
      <desc>Grenades fired from this weapon do increased damage on direct hits.
        •  Increases stability</desc>
      <perkGroup>Grenade Launcher Magazine</perkGroup>
      <blastRadius>0</blastRadius>
      <projectileSpeed>0</projectileSpeed>
      <stability>10</stability>
      <reloadSpeed>0</reloadSpeed>
      <magazineSize>0</magazineSize>
      <other>Increased direct hit damage</other>
    </perk>
    <perk>
      <name>Black Powder</name>
      <id>1996142143</id>
      <desc>This weapon's explosives are more effective.
        •  Slightly increases blast radius
        •  Decreases stability</desc>
      <perkGroup>Grenade Launcher Magazine</perkGroup>
      <perkGroup>Rocket Launcher Magazine</perkGroup>
      <blastRadius>5</blastRadius>
      <projectileSpeed>0</projectileSpeed>
      <stability>-10</stability>
      <reloadSpeed>0</reloadSpeed>
      <magazineSize>0</magazineSize>
      <other></other>
    </perk>
    <perk>
      <name>High-Explosive Ordnance</name>
      <id>1380253176</id>
      <desc>This weapon's projectiles are larger and travel faster.
        •  Increases blast radius
        •  Slightly increases projectile speed
        •  Decreases magazine size</desc>
      <perkGroup>Grenade Launcher Magazine</perkGroup>
      <blastRadius>10</blastRadius>
      <projectileSpeed>2</projectileSpeed>
      <stability>0</stability>
      <reloadSpeed>0</reloadSpeed>
      <magazineSize>-15</magazineSize>
      <other></other>
    </perk>
    <perk>
      <name>High-Velocity Rounds</name>
      <id>2822142346</id>
      <desc>This weapon's projectiles are particularly light and quick.
        •  Increases projectile speed
        •  Increases reload speed</desc>
      <perkGroup>Grenade Launcher Magazine</perkGroup>
      <perkGroup>Rocket Launcher Magazine</perkGroup>
      <blastRadius>0</blastRadius>
      <projectileSpeed>10</projectileSpeed>
      <stability>0</stability>
      <reloadSpeed>10</reloadSpeed>
      <magazineSize>0</magazineSize>
      <other></other>
    </perk>
    <perk>
      <name>Mini Frags</name>
      <id>332133599</id>
      <desc>Grenades are smaller and more compact for easier reloading.
        •  Increases magazine size
        •  Increases reload speed
        •  Decreases blast radius</desc>
      <perkGroup>Grenade Launcher Magazine</perkGroup>
      <blastRadius>-10</blastRadius>
      <projectileSpeed>0</projectileSpeed>
      <stability>0</stability>
      <reloadSpeed>10</reloadSpeed>
      <magazineSize>20</magazineSize>
      <other></other>
    </perk>
    <perk>
      <name>Sticky Grenades</name>
      <id>3373736292</id>
      <desc>Grenades fired from this weapon attach on impact and detonate when enemies are in proximity.</desc>
      <perkGroup>Grenade Launcher Magazine</perkGroup>
      <blastRadius>0</blastRadius>
      <projectileSpeed>0</projectileSpeed>
      <stability>0</stability>
      <reloadSpeed>0</reloadSpeed>
      <magazineSize>0</magazineSize>
      <other>Sticks to surfaces</other>
    </perk>
    <perk>
      <name>Concussion Grenades</name>
      <id>1716000303</id>
      <desc>Grenades fired from this weapon emit a blast that staggers enemies.</desc>
      <perkGroup>Grenade Launcher Magazine</perkGroup>
      <blastRadius>0</blastRadius>
      <projectileSpeed>0</projectileSpeed>
      <stability>0</stability>
      <reloadSpeed>0</reloadSpeed>
      <magazineSize>0</magazineSize>
      <other>Disorients target</other>
    </perk>
    <perk>
      <name>Implosion Rounds</name>
      <id>3492396210</id>
      <desc>This weapon's projectiles travel faster and have a controlled explosion.
        •  Increases projectile speed
        •  Greatly increases stability
        •  Decreases blast radius</desc>
      <perkGroup>Rocket Launcher Magazine</perkGroup>
      <blastRadius>-10</blastRadius>
      <projectileSpeed>10</projectileSpeed>
      <stability>15</stability>
      <reloadSpeed>0</reloadSpeed>
      <other></other>
    </perk>
    <perk>
      <name>Impact Casing</name>
      <id>3796465595</id>
      <desc>Increased damage on direct hits.
        •  Increases stability</desc>
      <perkGroup>Rocket Launcher Magazine</perkGroup>
      <blastRadius>0</blastRadius>
      <projectileSpeed>0</projectileSpeed>
      <stability>10</stability>
      <reloadSpeed>0</reloadSpeed>
      <other>Increased direct hit damage</other>
    </perk>
    <perk>
      <name>Alloy Casing</name>
      <id>2985827016</id>
      <desc>Reduces weight for faster reloads.
        •  Greatly increases reload speed
        •  Decreases stability</desc>
      <perkGroup>Rocket Launcher Magazine</perkGroup>
      <blastRadius>20</blastRadius>
      <projectileSpeed>0</projectileSpeed>
      <stability>-10</stability>
      <reloadSpeed>30</reloadSpeed>
      <other></other>
    </perk>
    <perk>
      <name>Heavy Guard</name>
      <id>2349202967</id>
      <desc>Sword Guard has high efficiency and high defense.</desc>
      <perkGroup>Guard</perkGroup>
      <defense>20</defense>
      <efficiency>20</efficiency>
    </perk>
    <perk>
      <name>Burst Guard</name>
      <id>3625355092</id>
      <desc>Sword Guard has low efficiency and high defense.</desc>
      <perkGroup>Guard</perkGroup>
      <defense>20</defense>
      <efficiency>-30</efficiency>
    </perk>
    <perk>
      <name>Enduring Guard</name>
      <id>599007201</id>
      <desc>Sword Guard has high efficiency and low defense.</desc>
      <perkGroup>Guard</perkGroup>
      <defense>-20</defense>
      <efficiency>20</efficiency>
    </perk>
    <perk>
      <name>Balanced Guard</name>
      <id>52780822</id>
      <desc>Sword Guard has balanced efficiency and defense.</desc>
      <perkGroup>Guard</perkGroup>
      <defense>0</defense>
      <efficiency>0</efficiency>
    </perk>
    <perk>
      <name>Swordmaster's Guard</name>
      <id>269888150</id>
      <desc>Sword Guard has low efficiency and low defense.</desc>
      <perkGroup>Guard</perkGroup>
      <defense>-20</defense>
      <efficiency>-20</efficiency>
    </perk>
</perks>