﻿<?xml version="1.0" encoding="utf-8" ?>
<weapons>
  <weapon>
    <name>Abide the Return</name>
    <id>1644160541</id>
    <frame>Adaptive Frame</frame>
    <frameDesc>Well-rounded. Use to uppercut.</frameDesc>
    <category>Sword</category>
    <ammoType>Power</ammoType>
    <perk1Group>Edge</perk1Group>
    <perk2Group>Guard</perk2Group>
    <season>4</season>
    <element>Solar</element>
    <curated>1261178282,52780822,354401740,2590710093</curated>
    <trait1>354401740</trait1>
    <trait1>1749209109</trait1>
    <trait1>2590710093</trait1>
    <trait2>2590710093</trait2>
    <trait2>3913600130</trait2>
    <trait2>1685431615</trait2>
    <trait2>354401740</trait2>
  </weapon>
  <weapon>
    <name>Acantha-D XK8434</name>
    <id>1757129747</id>
    <frame>Aggressive Frame</frame>
    <frameDesc>High damage, high recoil.</frameDesc>
    <category>Grenade Launcher</category>
    <ammoType>Power</ammoType>
    <perk1Group>Launcher Tube</perk1Group>
    <perk2Group>Grenade Launcher Magazine</perk2Group>
    <season>5</season>
    <element>Arc</element>
    <curated>1478423395,332133599,972757866,0</curated>
    <trait1>972757866</trait1>
    <trait1>2846385770</trait1>
    <trait1>2869569095</trait1>
    <trait1>3300816228</trait1>
    <trait1>957782887</trait1>
    <trait1>4071163871</trait1>
    <trait2>3096702027</trait2>
    <trait2>2010801679</trait2>
    <trait2>3425386926</trait2>
    <trait2>706527188</trait2>
  </weapon>
  <weapon>
    <name>Breachlight</name>
    <id>1289997971</id>
    <frame>Aggressive Burst</frame>
    <frameDesc>Hard-hitting two-burst fire.</frameDesc>
    <category>Sidearm</category>
    <ammoType>Kinetic</ammoType>
    <perk1Group>Barrel</perk1Group>
    <perk2Group>Magazine</perk2Group>
    <season>9</season>
    <element>Kinetic</element>
    <curated></curated>
    <trait1>205890336</trait1>
    <trait1>3523296417</trait1>
    <trait1>1168162263</trait1>
    <trait1>1645158859</trait1>
    <trait1>4071163871</trait1>
    <trait1>1866048759</trait1>
    <trait2>3511092054</trait2>
    <trait2>3425386926</trait2>
    <trait2>1546637391</trait2>
    <trait2>706527188</trait2>
    <trait2>1774574192</trait2>
    <trait2>2458213969</trait2>
  </weapon>
  <weapon>
    <name>Elatha FR4</name>
    <id>4106983932</id>
    <frame>High-Impact Frame</frame>
    <frameDesc>Slow-firing and high-damage. This weapon is more accurate when stationary and aiming down sights.</frameDesc>
    <category>Fusion Rifle</category>
    <ammoType>Energy</ammoType>
    <perk1Group>Omolon Sight</perk1Group>
    <perk2Group>Fusion Rifle Magazine</perk2Group>
    <season>9</season>
    <element>Solar</element>
    <curated></curated>
    <trait1>2869569095</trait1>
    <trait1>1866048759</trait1>
    <trait1>706527188</trait1>
    <trait1>2866798147</trait1>
    <trait1>280464955</trait1>
    <trait1>1631667848</trait1>
    <trait2>1015611457</trait2>
    <trait2>3523296417</trait2>
    <trait2>3708227201</trait2>
    <trait2>4071163871</trait2>
    <trait2>1600092898</trait2>
    <trait2>957782887</trait2>
  </weapon>
  <weapon>
    <name>Gallant Charge</name>
    <id>1706206669</id>
    <frame>High-Impact Frame</frame>
    <frameDesc>Slow-firing and high-damage. This weapon is more accurate when stationary and aiming down sights.</frameDesc>
    <category>Fusion Rifle</category>
    <ammoType>Energy</ammoType>
    <perk1Group>Barrel</perk1Group>
    <perk2Group>Fusion Rifle Magazine</perk2Group>
    <season>9</season>
    <element>Kinetic, Arc, Solar, Void</element>
    <curated></curated>
    <trait1>1631667848</trait1>
    <trait1>3523296417</trait1>
    <trait1>3300816228</trait1>
    <trait1>1866048759</trait1>
    <trait1>2866798147</trait1>
    <trait2>1556840489</trait2>
    <trait2>2846385770</trait2>
    <trait2>1890422124</trait2>
    <trait2>4082225868</trait2>
    <trait2>3425386926</trait2>
    <trait2>2458213969</trait2>
  </weapon>
  <weapon>
    <name>Hawthorne's Field-Forged Shotgun</name>
    <id>1807343361</id>
    <frame>Lightweight Frame</frame>
    <frameDesc>Superb handling. Move faster with this weapon equipped.</frameDesc>
    <category>Shotgun</category>
    <ammoType>Kinetic</ammoType>
    <perk1Group>Shotgun Barrel</perk1Group>
    <perk2Group>Magazine</perk2Group>
    <season>9</season>
    <element>Kinetic</element>
    <curated>0,0,2117683199,0</curated>
    <trait1>2117683199</trait1>
    <trait1>280464955</trait1>
    <trait1>2869569095</trait1>
    <trait1>1631667848</trait1>
    <trait1>205890336</trait1>
    <trait2>699525795</trait2>
    <trait2>3523296417</trait2>
    <trait2>3708227201</trait2>
    <trait2>2679249093</trait2>
    <trait2>47981717</trait2>
    <trait2>1866048759</trait2>
  </weapon>
  <weapon>
    <name>Infinite Paths 8</name>
    <id>3233390913</id>
    <frame>Lightweight Frame</frame>
    <frameDesc>Superb handling. Move faster with this weapon equipped.</frameDesc>
    <category>Pulse Rifle</category>
    <ammoType>Energy</ammoType>
    <perk1Group>Barrel</perk1Group>
    <perk2Group>Magazine</perk2Group>
    <season>9</season>
    <element>Arc</element>
    <curated>839105230,1431678320,0,0</curated>
    <trait1>588594999</trait1>
    <trait1>4071163871</trait1>
    <trait1>3300816228</trait1>
    <trait1>1631667848</trait1>
    <trait1>3523296417</trait1>
    <trait1>3096702027</trait1>
    <trait2>4082225868</trait2>
    <trait2>2387244414</trait2>
    <trait2>3275789089</trait2>
    <trait2>2848615171</trait2>
    <trait2>699525795</trait2>
    <trait2>47981717</trait2>
  </weapon>
  <weapon>
    <name>Jack Queen King 3</name>
    <id>410996590</id>
    <frame>Lightweight Frame</frame>
    <frameDesc>Superb handling. Move faster with this weapon equipped.</frameDesc>
    <category>Hand Cannon</category>
    <ammoType>Energy</ammoType>
    <perk1Group>Hand Cannon Sight (HCS)</perk1Group>
    <perk2Group>Magazine</perk2Group>
    <season>9</season>
    <element>Kinetic, Arc, Solar, Void</element>
    <curated>1926090094,1885400500,972757866,0</curated>
    <trait1>972757866</trait1>
    <trait1>3300816228</trait1>
    <trait1>2010801679</trait1>
    <trait1>3523296417</trait1>
    <trait1>4071163871</trait1>
    <trait1>1820235745</trait1>
    <trait2>957782887</trait2>
    <trait2>3425386926</trait2>
    <trait2>2213355989</trait2>
    <trait2>2848615171</trait2>
    <trait2>3708227201</trait2>
    <trait2>4082225868</trait2>
  </weapon>
  <weapon>
    <name>Last Hope</name>
    <id>3622137132</id>
    <frame>Omolon Adaptive Frame</frame>
    <frameDesc>Well-rounded, reliable, fires a 3-round burst.</frameDesc>
    <category>Sidearm</category>
    <ammoType>Energy</ammoType>
    <perk1Group>Sidearm Sight (SAS)</perk1Group>
    <perk2Group>Magazine</perk2Group>
    <season>9</season>
    <element>Arc</element>
    <curated></curated>
    <trait1>2869569095</trait1>
    <trait1>1631667848</trait1>
    <trait1>2779035018</trait1>
    <trait1>706527188</trait1>
    <trait1>280464955</trait1>
    <trait1>2846385770</trait1>
    <trait2>2387244414</trait2>
    <trait2>2458213969</trait2>
    <trait2>1890422124</trait2>
    <trait2>2848615171</trait2>
    <trait2>3425386926</trait2>
    <trait2>1866048759</trait2>
  </weapon>
  <weapon>
    <name>Martyr's Retribution</name>
    <id>3850168899</id>
    <frame>Wave Frame</frame>
    <frameDesc>One-shot handheld Grenade Launcher. Projectiles release a wave of energy when they contact the ground.</frameDesc>
    <category>Grenade Launcher</category>
    <ammoType>Energy</ammoType>
    <perk1Group>Launcher Tube</perk1Group>    
    <season>9</season>
    <element>Solar</element>
    <curated></curated>
    <perk2>2822142346</perk2>
    <perk2>3492396210</perk2>
    <trait1>3300816228</trait1>
    <trait1>2869569095</trait1>
    <trait1>4071163871</trait1>
    <trait1>3096702027</trait1>
    <trait1>205890336</trait1>
    <trait2>3511092054</trait2>
    <trait2>588594999</trait2>
    <trait2>2846385770</trait2>
    <trait2>3523296417</trait2>
    <trait2>1556840489</trait2>
  </weapon>
  <weapon>
    <name>Mos Epoch III</name>
    <id>1529450902</id>
    <frame>Aggressive Frame</frame>
    <frameDesc>High damage, high recoil.</frameDesc>
    <category>Rocket Launcher</category>
    <ammoType>Power</ammoType>
    <perk1Group>Launcher Tube</perk1Group>
    <perk2Group>Rocket Launcher Magazine</perk2Group>
    <season>9</season>
    <element>Arc</element>
    <curated></curated>
    <trait1>588594999</trait1>
    <trait1>3300816228</trait1>
    <trait1>4071163871</trait1>
    <trait1>3977735242</trait1>
    <trait1>2846385770</trait1>
    <trait1>3096702027</trait1>
    <trait2>706527188</trait2>
    <trait2>1275731761</trait2>
    <trait2>3275789089</trait2>
    <trait2>1683379515</trait2>
    <trait2>957782887</trait2>
    <trait2>1015611457</trait2>    
  </weapon>
  <weapon>
    <name>The Old Fashioned</name>
    <id>3569802112</id>
    <frame>Adaptive Frame</frame>
    <frameDesc>A well-rounded grip, reliable and sturdy.</frameDesc>
    <category>Hand Cannon</category>
    <ammoType>Kinetic</ammoType>
    <perk1Group>Hand Cannon Sight (HCS)</perk1Group>
    <perk2Group>Magazine</perk2Group>
    <season>9</season>
    <element>Kinetic</element>
    <curated></curated>
    <trait1>3161816588</trait1>
    <trait1>280464955</trait1>
    <trait1>706527188</trait1>
    <trait1>3523296417</trait1>
    <trait1>2779035018</trait1>
    <trait1>972757866</trait1>
    <trait2>1015611457</trait2>
    <trait2>588594999</trait2>
    <trait2>957782887</trait2>
    <trait2>3708227201</trait2>
    <trait2>1866048759</trait2>
    <trait2>3038247973</trait2>
  </weapon>
  <weapon>
    <name>Patron of Lost Causes</name>
    <id>2723241847</id>
    <frame>Lightweight Frame</frame>
    <frameDesc>Superb handling. Move faster with this weapon equipped.</frameDesc>
    <category>Scout Rifle</category>
    <ammoType>Kinetic</ammoType>
    <perk1Group>Barrel</perk1Group>
    <perk2Group>Magazine</perk2Group>
    <season>9</season>
    <element>Kinetic</element>
    <curated></curated>
    <trait1>3513791699</trait1>
    <trait1>1631667848</trait1>
    <trait1>247725512</trait1>
    <trait1>205890336</trait1>
    <trait1>2869569095</trait1>
    <trait1>4267945040</trait1>
    <trait2>47981717</trait2>
    <trait2>3511092054</trait2>
    <trait2>1546637391</trait2>
    <trait2>1645158859</trait2>
    <trait2>1774574192</trait2>
    <trait2>3038247973</trait2>
  </weapon>
  <weapon>
    <name>Perfect Paradox</name>
    <id>3393519051</id>
    <frame>Rapid-Fire Frame</frame>
    <frameDesc>Fires full auto with deeper ammo reserves. Faster reload when weapon is empty.</frameDesc>
    <category>Shotgun</category>
    <ammoType>Kinetic</ammoType>
    <perk1Group>Shotgun Barrel</perk1Group>
    <perk2Group>Magazine</perk2Group>
    <season>9</season>
    <element>Kinetic</element>
    <curated>1047830412,3230963543,0,0</curated>
    <trait1>205890336</trait1>
    <trait1>3523296417</trait1>
    <trait1>280464955</trait1>
    <trait1>3161816588</trait1>
    <trait1>2869569095</trait1>
    <trait1>4071163871</trait1>
    <trait2>3425386926</trait2>
    <trait2>4082225868</trait2>
    <trait2>2360754333</trait2>
    <trait2>47981717</trait2>
    <trait2>699525795</trait2>
    <trait2>2679249093</trait2>
  </weapon>
  <weapon>
    <name>Steelfeather Repeater</name>
    <id>1251729046</id>
    <frame>Rapid-Fire Frame</frame>
    <frameDesc>Deeper ammo reserves. Slightly faster reload when magazine is empty.</frameDesc>
    <category>Auto Rifle</category>
    <ammoType>Kinetic</ammoType>
    <perk1Group>Barrel</perk1Group>
    <perk2Group>Magazine</perk2Group>
    <season>9</season>
    <element>Kinetic</element>
    <curated></curated>
    <trait1>1631667848</trait1>
    <trait1>1820235745</trait1>
    <trait1>2010801679</trait1>
    <trait1>2039302152</trait1>
    <trait1>2779035018</trait1>
    <trait1>280464955</trait1>
    <trait2>3708227201</trait2>
    <trait2>3511092054</trait2>
    <trait2>4082225868</trait2>
    <trait2>1774574192</trait2>
    <trait2>2458213969</trait2>
    <trait2>1546637391</trait2>
  </weapon>
  <weapon>
    <name>Traveler's Judgment 5</name>
    <id>4149758318</id>
    <frame>Adaptive Frame</frame>
    <frameDesc>Well-rounded, reliable, fires a 3-round burst.</frameDesc>
    <category>Sidearm</category>
    <ammoType>Energy</ammoType>
    <perk1Group>Sidearm Sight (SAS)</perk1Group>
    <perk2Group>Magazine</perk2Group>
    <season>9</season>
    <element>Arc</element>
    <curated>445755704,1968497646,0,0</curated>
    <trait1>280464955</trait1>
    <trait1>247725512</trait1>
    <trait1>1866048759</trait1>
    <trait1>2779035018</trait1>
    <trait1>2869569095</trait1>
    <trait1>3300816228</trait1>
    <trait2>3708227201</trait2>
    <trait2>1890422124</trait2>
    <trait2>460017080</trait2>
    <trait2>1683379515</trait2>
    <trait2>2848615171</trait2>
    <trait2>3275789089</trait2>    
  </weapon>
  <weapon>
    <name>Uriel's Gift</name>
    <id>3863882743</id>
    <frame>Precision Frame</frame>
    <frameDesc>This weapon's recoil pattern is more predictably vertical.</frameDesc>
    <category>Auto Rifle</category>
    <ammoType>Energy</ammoType>
    <perk1Group>Omolon Sight</perk1Group>
    <perk2Group>Magazine</perk2Group>
    <season>9</season>
    <element>Arc</element>
    <curated></curated>
    <trait1>280464955</trait1>
    <trait1>1359896290</trait1>
    <trait1>2869569095</trait1>
    <trait1>706527188</trait1>
    <trait1>1631667848</trait1>
    <trait1>3400784728</trait1>
    <trait2>1890422124</trait2>
    <trait2>588594999</trait2>
    <trait2>1645158859</trait2>
    <trait2>1015611457</trait2>
    <trait2>3275789089</trait2>
    <trait2>1683379515</trait2>
  </weapon>
  
  <weapon>
    <name></name>
    <id></id>
    <frame></frame>
    <frameDesc></frameDesc>
    <category></category>
    <ammoType>Kinetic, Energy, Power</ammoType>
    <perk1Group></perk1Group>
    <perk2Group></perk2Group>
    <season>9</season>
    <element>Kinetic, Arc, Solar, Void</element>
    <curated></curated>
    <trait1></trait1>
    <trait1></trait1>
    <trait1></trait1>
    <trait1></trait1>
    <trait1></trait1>
    <trait1></trait1>
    <trait2></trait2>
    <trait2></trait2>
    <trait2></trait2>
    <trait2></trait2>
    <trait2></trait2>
    <trait2></trait2>
  </weapon>
  
</weapons>
